upper_bound, lower_bound
46.94917,46.94183
46.57983,46.5725
45.8545,45.84717
44.16933,44.162
42.9,42.89267
39.703,39.69567
38.27767,38.27017
37.87467,37.86733
36.924,36.91667
36.24133,36.234
28.26033,28.253
27.45833,27.451
24.6215,24.61417
24.04067,24.03333
20.59817,20.59083
20.37117,20.36367
18.049,18.04167
17.32633,17.319
16.03067,16.02333
15.145,15.13767
14.70217,14.69483
14.0575,14.05017
12.4495,12.44217
5.43967,5.43233
5.00833,5.001
2.9465,2.93917
0.531,0.5235