upper_bound, lower_bound
46.94717,46.94183
45.8525,45.84717
44.16933,44.162
42.92267,42.89267
39.705,39.69567
38.28167,38.27017
37.88133,37.86733
36.93267,36.91667
36.248,36.234
28.25767,28.253
27.469,27.451
24.03667,24.03333
20.615,20.59083
18.05033,18.04167
17.327,17.319
16.03733,16.02333
15.14417,15.13767
14.70817,14.69483
14.05283,14.05017
12.4575,12.44217
5.44567,5.43233
5.01033,5.001
2.95383,2.93917
0.52883,0.5235